Age,Gender,Education,City,Department,JobRole,Experience,PreviousSalary,Projects,WorkingHours,Salary
27.0,Female,Bachelor's,Mumbai,HR,Backend Developer,1.7,57644.0,5.0,8.8,100531.0
40.0,Female,Bachelor's,Hyderabad,Engineering,ML Engineer,6.0,96154.0,5.0,9.1,141992.0
49.0,Male,Bachelor's,Chennai,Marketing,Marketing Executive,13.6,130461.0,6.0,7.6,190519.0
35.0,Female,Bachelor's,Hyderabad,Data Science,Backend Developer,4.1,65529.0,5.0,,119795.0
31.0,Male,Master's,Bangalore,Finance,ML Engineer,2.7,93635.0,5.0,8.3,144991.0
28.0,Male,Master's,Mumbai,Sales,Financial Analyst,3.9,86025.0,4.0,8.5,149422.0
49.0,Female,Master's,Chennai,Sales,HR Executive,12.4,,3.0,8.3,165348.0
41.0,Male,Master's,Bangalore,Data Science,Financial Analyst,8.0,104162.0,2.0,9.3,171638.0
27.0,Male,Bachelor's,Pune,Finance,,2.8,62539.0,6.0,6.5,99153.0
46.0,Male,High School,,Data Science,HR Executive,10.6,107140.0,,6.7,159142.0
39.0,Male,Bachelor's,Mumbai,,HR Executive,10.9,97686.0,4.0,,173154.0
43.0,Female,High School,Chennai,Sales,HR Executive,8.9,109849.0,6.0,7.8,137902.0
31.0,Male,PhD,Chennai,HR,HR Executive,3.1,70931.0,4.0,9.6,133830.0
31.0,,Bachelor's,Chennai,Engineering,HR Executive,3.8,65285.0,4.0,9.9,98778.0
,Male,Bachelor's,Hyderabad,HR,Financial Analyst,9.7,107579.0,5.0,8.8,153647.0
41.0,Male,Master's,Bangalore,Engineering,Data Analyst,9.9,135125.0,1.0,7.2,178319.0
24.0,Female,PhD,Chennai,Sales,Data Analyst,0.0,59995.0,1.0,9.8,92297.0
28.0,Male,Master's,Bangalore,HR,Backend Developer,3.8,95808.0,5.0,8.7,145484.0
44.0,Female,High School,Mumbai,HR,Software Engineer,9.5,,5.0,6.7,157217.0
23.0,Female,,Chennai,Data Science,Data Analyst,2.1,44655.0,6.0,6.8,62396.0
42.0,Female,Bachelor's,Mumbai,Marketing,Marketing Executive,9.4,105728.0,2.0,10.3,146296.0
41.0,Female,Bachelor's,Chennai,Sales,,9.8,106952.0,4.0,10.1,165428.0
22.0,Female,,Pune,Finance,Financial Analyst,0.0,28577.0,2.0,6.0,49340.0
44.0,Male,Bachelor's,Delhi,Sales,HR Executive,11.0,115962.0,3.0,6.9,132553.0
32.0,Male,PhD,Mumbai,Finance,Backend Developer,7.4,115077.0,6.0,9.9,202528.0
50.0,Male,Bachelor's,Chennai,Finance,HR Executive,11.9,122401.0,7.0,8.5,178244.0
26.0,Female,Master's,Delhi,Engineering,Sales Executive,2.1,62947.0,7.0,9.3,112127.0
22.0,Male,Master's,Mumbai,Finance,Sales Executive,0.0,44041.0,3.0,8.4,76487.0
48.0,Male,Bachelor's,Hyderabad,Finance,Sales Executive,14.5,141047.0,0.0,9.3,187905.0
41.0,Male,Master's,Chennai,Data Science,Financial Analyst,8.3,99305.0,1.0,8.5,168298.0
21.0,Male,Bachelor's,Hyderabad,HR,Marketing Executive,0.0,22000.0,1.0,8.0,54149.0
32.0,Male,Bachelor's,Pune,Sales,Data Analyst,4.1,70879.0,3.0,9.8,125260.0
46.0,Female,Master's,Chennai,Sales,Financial Analyst,11.0,117417.0,3.0,8.7,182246.0
42.0,,High School,Pune,Finance,Software Engineer,8.3,97407.0,,9.3,135696.0
49.0,Female,PhD,Delhi,Marketing,Backend Developer,12.0,159291.0,2.0,8.7,235384.0
,Female,Bachelor's,Mumbai,Sales,HR Executive,5.2,93122.0,4.0,7.9,119936.0
45.0,Male,Bachelor's,Bangalore,Finance,Sales Executive,10.6,111729.0,7.0,10.4,182685.0
37.0,Male,Bachelor's,Pune,Engineering,ML Engineer,8.4,97488.0,4.0,8.9,157326.0
47.0,Male,Bachelor's,Bangalore,Engineering,Software Engineer,11.2,128377.0,1.0,8.1,400000.0
47.0,Male,,Bangalore,Engineering,Sales Executive,11.4,109788.0,,10.0,166178.0
30.0,Female,Master's,Mumbai,Finance,Marketing Executive,4.5,82534.0,4.0,6.9,137085.0
48.0,Male,Master's,Delhi,Data Science,Software Engineer,15.5,149963.0,7.0,11.2,236913.0
48.0,Male,Master's,Mumbai,Marketing,Financial Analyst,11.0,126356.0,5.0,8.3,187272.0
36.0,Female,Bachelor's,Chennai,Finance,Data Analyst,9.6,100104.0,2.0,7.0,164363.0
35.0,Female,Master's,Pune,Data Science,,4.5,84924.0,4.0,10.8,117287.0
50.0,Female,,Bangalore,Data Science,Backend Developer,,140780.0,0.0,7.9,211823.0
50.0,Female,Master's,Mumbai,Sales,Marketing Executive,12.5,136689.0,2.0,8.8,196464.0
35.0,Female,Bachelor's,Mumbai,Finance,Marketing Executive,5.1,66582.0,4.0,9.4,116902.0
50.0,Male,Master's,Mumbai,Finance,ML Engineer,14.1,,10.0,,247368.0
39.0,Female,Master's,Pune,Data Science,Software Engineer,9.0,103269.0,2.0,8.9,170731.0
32.0,Male,Bachelor's,Delhi,Data Science,ML Engineer,4.2,80889.0,3.0,7.7,119651.0
43.0,Female,Master's,Mumbai,Data Science,Data Analyst,6.8,105686.0,5.0,8.8,161898.0
40.0,Female,Bachelor's,Pune,Sales,Sales Executive,7.9,88900.0,3.0,,123180.0
45.0,Male,Bachelor's,Bangalore,Finance,Data Analyst,11.0,111467.0,4.0,8.8,171189.0
23.0,Female,High School,Chennai,Data Science,Sales Executive,0.9,44475.0,3.0,10.5,50380.0
25.0,Female,Bachelor's,Hyderabad,Engineering,ML Engineer,2.9,63122.0,0.0,9.4,102135.0
39.0,Male,Bachelor's,Pune,Finance,HR Executive,11.0,107866.0,3.0,8.7,149105.0
27.0,,Master's,Hyderabad,Sales,Data Analyst,3.3,74874.0,5.0,9.4,117061.0
41.0,Male,Bachelor's,Mumbai,Engineering,ML Engineer,9.9,128235.0,,9.5,186970.0
29.0,Female,Master's,Mumbai,HR,Software Engineer,3.8,80912.0,3.0,7.2,109103.0
27.0,Male,Master's,Pune,Finance,ML Engineer,4.5,85533.0,7.0,8.6,126083.0
38.0,Female,Bachelor's,Hyderabad,HR,ML Engineer,8.4,111500.0,4.0,11.6,160389.0
24.0,Female,Master's,Mumbai,Data Science,,,69503.0,3.0,10.0,117962.0
45.0,Female,PhD,Bangalore,Sales,Data Analyst,13.5,157534.0,6.0,7.9,235459.0
48.0,Female,Master's,Delhi,,Backend Developer,12.5,145278.0,3.0,7.8,192739.0
34.0,Male,Master's,Delhi,Sales,HR Executive,5.4,,8.0,7.7,148054.0
38.0,Female,PhD,Mumbai,Marketing,HR Executive,8.3,87350.0,6.0,9.5,173666.0
46.0,Male,Master's,Hyderabad,Data Science,Financial Analyst,13.0,,2.0,10.4,201445.0
29.0,Female,,Chennai,,Sales Executive,4.4,78419.0,3.0,9.2,99432.0
46.0,Male,Master's,Mumbai,Sales,Marketing Executive,12.8,133080.0,5.0,8.7,188872.0
41.0,Male,Master's,Chennai,Data Science,,8.0,96037.0,0.0,8.0,129949.0
22.0,Female,Bachelor's,Chennai,Finance,HR Executive,0.0,49934.0,4.0,8.9,75960.0
40.0,Male,Bachelor's,Hyderabad,Sales,ML Engineer,7.7,100239.0,4.0,7.5,158160.0
48.0,Male,Master's,Chennai,Sales,Financial Analyst,10.2,99910.0,5.0,6.2,181641.0
,Male,High School,Bangalore,Data Science,Software Engineer,6.5,75608.0,8.0,10.5,152360.0
48.0,Male,PhD,Hyderabad,Marketing,,11.5,139299.0,,7.3,178878.0
27.0,Male,Bachelor's,Mumbai,Data Science,Data Analyst,4.5,75415.0,5.0,8.1,142074.0
32.0,Male,Bachelor's,Bangalore,HR,Backend Developer,3.0,82937.0,4.0,9.3,122592.0
49.0,,Bachelor's,Pune,HR,Data Analyst,14.9,134184.0,5.0,10.2,211257.0
28.0,Male,High School,Delhi,Sales,ML Engineer,1.7,54574.0,6.0,8.8,98122.0
35.0,Female,Master's,Mumbai,,Software Engineer,4.4,77524.0,8.0,7.1,154912.0
23.0,Male,Master's,Mumbai,,,0.0,48685.0,,8.1,77749.0
,Female,Master's,Mumbai,HR,Financial Analyst,8.8,94915.0,5.0,7.7,173858.0
37.0,Female,Bachelor's,Bangalore,HR,Data Analyst,7.1,91265.0,6.0,8.5,128454.0
24.0,Male,Bachelor's,Pune,Marketing,Software Engineer,2.1,59135.0,1.0,10.0,99722.0
38.0,Female,Master's,Hyderabad,Finance,Software Engineer,7.4,101009.0,4.0,6.0,142504.0
28.0,Female,PhD,,Marketing,Software Engineer,3.0,99096.0,3.0,8.0,134770.0
24.0,Other,Bachelor's,Bangalore,Engineering,HR Executive,0.6,63168.0,,7.9,100993.0
22.0,Female,Bachelor's,Mumbai,Marketing,HR Executive,0.5,,4.0,7.0,82677.0
50.0,Male,Bachelor's,Delhi,Data Science,Data Analyst,13.8,180000.0,7.0,9.2,216204.0
26.0,Female,Master's,Mumbai,Finance,Software Engineer,4.8,86406.0,5.0,6.8,320000.0
42.0,Female,Master's,Hyderabad,Data Science,Marketing Executive,6.6,94062.0,5.0,6.9,132377.0
,Female,Bachelor's,Chennai,Engineering,Software Engineer,6.5,82266.0,2.0,9.5,139933.0
24.0,Male,Bachelor's,Delhi,Finance,Financial Analyst,2.1,,4.0,10.3,80741.0
42.0,Female,Master's,Mumbai,Sales,Financial Analyst,8.9,123360.0,3.0,8.4,158001.0
49.0,Female,High School,Delhi,HR,Data Analyst,11.8,114340.0,,7.0,179427.0
38.0,Male,Bachelor's,Chennai,Marketing,Marketing Executive,9.2,106148.0,5.0,7.7,144310.0
46.0,Male,Bachelor's,Pune,Data Science,Software Engineer,11.6,113858.0,5.0,9.7,164480.0
32.0,Male,Bachelor's,Bangalore,Engineering,Sales Executive,2.6,60594.0,7.0,8.6,124817.0
22.0,Female,High School,Mumbai,HR,Marketing Executive,1.0,41859.0,2.0,8.4,72843.0
30.0,Female,,Hyderabad,Marketing,,5.8,87197.0,2.0,8.9,149565.0
50.0,Female,Master's,Pune,HR,Data Analyst,14.3,151992.0,3.0,8.5,195145.0
24.0,Male,Master's,Mumbai,Marketing,Financial Analyst,0.4,44339.0,3.0,10.4,99061.0
34.0,Female,Master's,Pune,Sales,Sales Executive,3.8,72850.0,2.0,7.6,105156.0
,Male,Bachelor's,Hyderabad,Finance,Financial Analyst,6.3,82359.0,5.0,7.5,121935.0
35.0,Male,Master's,Mumbai,HR,HR Executive,11.2,125819.0,2.0,,170342.0
28.0,Female,Bachelor's,Chennai,HR,Data Analyst,0.8,46667.0,3.0,7.9,64115.0
34.0,Other,Master's,Chennai,HR,Data Analyst,4.6,87638.0,3.0,7.2,118693.0
43.0,Female,PhD,,Finance,Software Engineer,10.5,124632.0,5.0,8.8,214928.0
48.0,Female,Bachelor's,Delhi,Engineering,Software Engineer,12.0,135160.0,4.0,8.5,178432.0
45.0,Male,Bachelor's,Hyderabad,Marketing,HR Executive,10.5,109120.0,,7.2,184883.0
50.0,Male,Bachelor's,Delhi,Sales,Sales Executive,16.1,135172.0,5.0,9.2,195149.0
28.0,Female,Bachelor's,Mumbai,HR,Backend Developer,1.9,68092.0,3.0,10.3,103188.0
41.0,Female,High School,Delhi,,ML Engineer,9.0,102909.0,7.0,8.9,160056.0
36.0,Male,Master's,Mumbai,Engineering,Marketing Executive,7.1,,5.0,6.0,142448.0
33.0,Male,PhD,Mumbai,Marketing,ML Engineer,4.2,99460.0,4.0,10.9,178635.0
38.0,Male,Bachelor's,Bangalore,Finance,ML Engineer,5.5,98303.0,5.0,9.4,138925.0
35.0,Female,High School,,Sales,Data Analyst,6.7,95007.0,5.0,10.8,129977.0
41.0,Male,High School,Delhi,Sales,Marketing Executive,11.7,109573.0,4.0,9.8,169235.0
44.0,Male,Master's,,Marketing,Data Analyst,11.0,127463.0,6.0,10.0,198032.0
46.0,Male,Bachelor's,Bangalore,HR,Backend Developer,,126304.0,5.0,8.7,193412.0
45.0,Male,Bachelor's,Mumbai,Sales,Marketing Executive,10.9,126318.0,5.0,8.2,158857.0
48.0,Female,Bachelor's,Hyderabad,,Financial Analyst,11.8,,3.0,8.9,173704.0
48.0,Male,Bachelor's,Hyderabad,Finance,Data Analyst,13.9,131333.0,6.0,7.6,209746.0
48.0,Female,Bachelor's,Chennai,Engineering,Data Analyst,11.4,111622.0,4.0,9.0,157605.0
33.0,Female,Master's,Bangalore,,Data Analyst,3.4,65307.0,3.0,6.0,110827.0
29.0,Female,Bachelor's,Mumbai,Engineering,,1.2,52432.0,1.0,8.6,56625.0
49.0,Male,Master's,Hyderabad,Engineering,HR Executive,12.7,143060.0,5.0,10.1,199600.0
35.0,Other,Bachelor's,Mumbai,Data Science,Data Analyst,7.9,,5.0,8.6,162985.0
33.0,Female,Master's,Mumbai,Engineering,,5.8,87545.0,6.0,10.6,157146.0
21.0,Other,Master's,Bangalore,Marketing,Software Engineer,0.0,,3.0,8.2,88805.0
45.0,Female,High School,Chennai,Finance,Software Engineer,11.5,120863.0,3.0,9.7,159548.0
27.0,Male,Bachelor's,Bangalore,Data Science,Marketing Executive,3.0,,4.0,7.4,97449.0
29.0,Male,Bachelor's,Pune,Finance,Financial Analyst,4.8,85178.0,3.0,9.7,110351.0
44.0,Male,Master's,Hyderabad,Finance,HR Executive,12.3,121151.0,3.0,,192608.0
21.0,Female,Bachelor's,Hyderabad,HR,Sales Executive,0.0,38354.0,6.0,8.2,65671.0
32.0,Male,PhD,Hyderabad,HR,Marketing Executive,1.4,69518.0,5.0,6.0,114151.0
28.0,Male,High School,Delhi,Data Science,Software Engineer,2.6,62444.0,3.0,8.2,89905.0
44.0,Male,Master's,Mumbai,Sales,,8.8,107278.0,4.0,8.8,152792.0
31.0,Male,Master's,Bangalore,HR,HR Executive,,78023.0,2.0,9.5,129846.0
39.0,Male,Master's,Hyderabad,HR,Financial Analyst,7.0,115054.0,5.0,,156685.0
37.0,Male,Bachelor's,Pune,HR,Backend Developer,4.4,73512.0,4.0,10.9,132769.0
,Male,Bachelor's,Hyderabad,Finance,HR Executive,2.3,56932.0,,10.0,86130.0
23.0,Male,Master's,Chennai,Data Science,Data Analyst,0.0,55734.0,4.0,7.8,74601.0
23.0,Male,Bachelor's,Mumbai,Finance,HR Executive,3.3,,2.0,8.1,105227.0
21.0,Male,Bachelor's,Mumbai,Marketing,Financial Analyst,0.7,51255.0,3.0,9.4,75988.0
47.0,Female,Bachelor's,,Finance,Marketing Executive,12.7,122182.0,5.0,9.1,191038.0
25.0,Female,Bachelor's,Delhi,Marketing,Financial Analyst,,64974.0,1.0,10.5,94852.0
30.0,Male,Bachelor's,Bangalore,Engineering,Sales Executive,5.3,76392.0,3.0,11.5,121264.0
27.0,Male,Bachelor's,Hyderabad,Engineering,Financial Analyst,4.4,75000.0,,11.2,118290.0
46.0,Female,Bachelor's,Chennai,Marketing,Software Engineer,10.4,106128.0,6.0,10.3,184741.0
29.0,Female,,Pune,Marketing,Data Analyst,1.5,52919.0,5.0,9.1,66409.0
48.0,Female,Master's,Bangalore,Finance,Backend Developer,,118329.0,2.0,10.1,205795.0
27.0,Female,Master's,Delhi,Marketing,Software Engineer,2.6,65716.0,,10.5,112475.0
29.0,,PhD,Bangalore,Data Science,Marketing Executive,0.0,40962.0,4.0,15.0,110620.0
28.0,Male,Bachelor's,Mumbai,Engineering,ML Engineer,4.9,82393.0,,7.9,144020.0
32.0,Male,High School,Hyderabad,Engineering,Marketing Executive,2.1,45426.0,3.0,7.6,86380.0
22.0,Female,High School,Hyderabad,Sales,,1.3,,5.0,7.4,80447.0
21.0,Female,Bachelor's,Hyderabad,Marketing,HR Executive,0.0,41457.0,1.0,6.8,50049.0
36.0,Female,PhD,Hyderabad,HR,Financial Analyst,7.2,,,8.8,141592.0
43.0,Male,Bachelor's,Hyderabad,HR,ML Engineer,,131554.0,4.0,7.3,163452.0
43.0,Female,Bachelor's,Hyderabad,Marketing,Data Analyst,,120100.0,4.0,7.6,142398.0
,Male,Bachelor's,Pune,Data Science,Software Engineer,12.3,122225.0,2.0,9.3,174605.0
44.0,Male,Bachelor's,Delhi,HR,Financial Analyst,9.5,102553.0,4.0,8.7,155084.0
25.0,Male,Master's,Hyderabad,Sales,Marketing Executive,0.5,58349.0,3.0,9.0,77651.0
23.0,,Bachelor's,Delhi,Marketing,Software Engineer,3.2,55233.0,6.0,10.1,119398.0
32.0,Male,PhD,Chennai,Data Science,Data Analyst,5.5,93928.0,3.0,9.5,149589.0
28.0,Female,Bachelor's,Hyderabad,Data Science,Data Analyst,3.5,65545.0,3.0,10.3,104113.0
42.0,Male,,Bangalore,Finance,,8.1,102373.0,5.0,8.6,124188.0
47.0,Female,Master's,Hyderabad,Data Science,ML Engineer,11.3,,4.0,10.4,189423.0
23.0,Female,High School,Mumbai,HR,Marketing Executive,0.0,32094.0,1.0,8.9,63547.0
21.0,Male,Master's,Pune,HR,HR Executive,0.0,42885.0,4.0,8.7,86303.0
23.0,Female,PhD,Bangalore,Marketing,Software Engineer,,70961.0,3.0,10.3,102252.0
25.0,Female,Master's,Bangalore,Marketing,ML Engineer,4.2,82009.0,6.0,7.5,140653.0
35.0,Female,Master's,Mumbai,Data Science,Financial Analyst,5.2,96299.0,4.0,10.9,151140.0
34.0,Female,Bachelor's,Hyderabad,Sales,Sales Executive,4.5,74773.0,6.0,8.2,103430.0
23.0,Female,PhD,Pune,Engineering,HR Executive,0.0,57472.0,4.0,7.0,92085.0
21.0,Male,Bachelor's,Bangalore,Finance,ML Engineer,0.0,57628.0,3.0,9.3,111258.0
25.0,Female,Master's,Pune,Engineering,Sales Executive,1.1,49165.0,4.0,8.0,81734.0
46.0,Male,PhD,Bangalore,Data Science,Sales Executive,11.2,128440.0,8.0,10.9,209373.0
43.0,Male,PhD,Hyderabad,Data Science,Software Engineer,8.9,118352.0,3.0,,183580.0
34.0,Male,Master's,Chennai,Engineering,Data Analyst,3.4,76900.0,4.0,8.9,136054.0
27.0,Female,Bachelor's,Bangalore,Finance,Financial Analyst,0.4,51958.0,2.0,,82702.0
47.0,Female,PhD,Chennai,Engineering,Marketing Executive,,136718.0,2.0,9.5,203841.0
29.0,Male,Master's,Bangalore,Marketing,Software Engineer,3.4,85597.0,4.0,7.6,123936.0
35.0,Female,PhD,Delhi,HR,HR Executive,7.3,104158.0,,9.3,168778.0
35.0,,Master's,Hyderabad,Sales,Backend Developer,7.5,98104.0,2.0,8.0,161347.0
46.0,Male,Bachelor's,Mumbai,Marketing,Sales Executive,11.5,,,6.0,149418.0
30.0,Male,,Chennai,HR,HR Executive,2.2,,3.0,8.7,91326.0
,Female,Bachelor's,Mumbai,Sales,Sales Executive,12.4,109752.0,4.0,8.6,175968.0
33.0,Male,Master's,Hyderabad,Sales,,7.5,220000.0,6.0,9.6,159878.0
39.0,Female,Bachelor's,Mumbai,Sales,Backend Developer,7.4,,,10.4,146377.0
27.0,Male,Bachelor's,Hyderabad,Data Science,Data Analyst,3.2,63467.0,1.0,10.8,96740.0
37.0,Male,Bachelor's,Mumbai,Sales,Financial Analyst,7.2,85316.0,4.0,9.5,132599.0
40.0,Female,Master's,Chennai,Finance,,10.6,126221.0,4.0,,160758.0
49.0,Female,Bachelor's,Delhi,Engineering,Financial Analyst,,114858.0,5.0,6.8,178711.0
24.0,Female,High School,Mumbai,,Data Analyst,3.1,57894.0,1.0,8.7,86559.0
50.0,Female,Bachelor's,Chennai,Engineering,Data Analyst,12.5,,5.0,8.8,172194.0
25.0,Female,High School,,Marketing,HR Executive,0.8,33287.0,6.0,8.3,99111.0
43.0,Female,Bachelor's,Hyderabad,Marketing,Data Analyst,10.1,98746.0,9.0,,165443.0
27.0,Male,High School,Pune,Engineering,Backend Developer,3.2,65148.0,0.0,9.8,102361.0
33.0,Female,High School,Pune,Finance,Backend Developer,8.3,91690.0,7.0,7.5,133385.0
35.0,Male,PhD,Hyderabad,Engineering,ML Engineer,,104488.0,,7.5,181465.0
31.0,Female,Master's,Delhi,Sales,Sales Executive,4.8,83777.0,1.0,8.3,111334.0
49.0,Male,Bachelor's,Mumbai,Data Science,Software Engineer,15.0,140405.0,1.0,7.8,199349.0
24.0,Female,PhD,Delhi,Marketing,Data Analyst,,74454.0,2.0,,120817.0
33.0,Male,High School,Pune,Data Science,Financial Analyst,4.4,58681.0,4.0,7.3,98763.0
27.0,Female,Master's,Chennai,Sales,Marketing Executive,4.7,80627.0,2.0,7.0,105025.0
47.0,Female,Master's,Hyderabad,Sales,Sales Executive,10.6,126807.0,3.0,10.0,161623.0
39.0,Male,Bachelor's,Hyderabad,Marketing,Sales Executive,7.1,71912.0,4.0,10.5,116111.0
42.0,Female,Bachelor's,Delhi,Marketing,Marketing Executive,8.2,96251.0,5.0,7.2,143816.0
48.0,Male,Bachelor's,Chennai,Sales,Marketing Executive,10.7,,3.0,9.2,146072.0
22.0,Female,Bachelor's,Delhi,HR,Sales Executive,0.9,43628.0,5.0,9.5,80890.0
30.0,Female,Master's,Mumbai,Data Science,ML Engineer,3.7,74602.0,7.0,6.7,148535.0
33.0,Male,Bachelor's,Bangalore,Data Science,Financial Analyst,0.2,52418.0,6.0,8.7,92041.0
50.0,Female,Bachelor's,Chennai,,ML Engineer,12.6,140413.0,4.0,11.5,195169.0
45.0,Male,Bachelor's,Bangalore,Finance,Data Analyst,,120324.0,6.0,9.3,184428.0
41.0,Male,Bachelor's,Mumbai,Data Science,Software Engineer,10.3,119277.0,,8.2,169830.0
26.0,Female,Bachelor's,Bangalore,Engineering,Marketing Executive,1.4,54933.0,1.0,7.8,66698.0
48.0,Male,High School,Pune,Sales,,16.0,138108.0,4.0,,200743.0
48.0,Other,Master's,Bangalore,Sales,Financial Analyst,14.2,153572.0,1.0,9.1,215048.0
32.0,Female,Bachelor's,Mumbai,HR,Marketing Executive,4.4,78630.0,1.0,10.8,101196.0
32.0,Male,,Bangalore,Data Science,ML Engineer,6.7,88946.0,6.0,7.5,166832.0
40.0,Female,Master's,Hyderabad,Finance,HR Executive,,111066.0,2.0,6.2,143107.0
50.0,Male,,Delhi,Data Science,Data Analyst,13.4,132023.0,5.0,7.7,176518.0
50.0,Male,Master's,Pune,Sales,Software Engineer,14.3,152507.0,,9.6,202469.0
31.0,Male,Master's,Hyderabad,Marketing,Data Analyst,4.6,80600.0,7.0,8.0,141437.0
46.0,Male,Bachelor's,Hyderabad,Engineering,HR Executive,11.6,109639.0,3.0,7.5,162668.0
43.0,Male,High School,Mumbai,HR,Software Engineer,11.1,112033.0,3.0,8.5,158952.0
48.0,,,Delhi,Marketing,HR Executive,15.2,132342.0,3.0,8.8,193178.0
,Other,High School,Delhi,Finance,Data Analyst,11.2,112092.0,6.0,6.8,134328.0
27.0,Female,High School,Chennai,Marketing,ML Engineer,2.0,56025.0,4.0,8.2,104140.0
50.0,Female,Bachelor's,,Marketing,Sales Executive,10.0,121310.0,2.0,7.9,142113.0
21.0,Female,Bachelor's,Mumbai,Finance,Data Analyst,2.9,72707.0,5.0,7.7,82548.0
21.0,Female,Bachelor's,Pune,Marketing,Data Analyst,0.0,50956.0,7.0,16.0,64673.0
45.0,Male,Master's,Chennai,HR,Data Analyst,11.6,129971.0,1.0,9.6,176764.0
47.0,Female,Bachelor's,Bangalore,Sales,Financial Analyst,14.6,139711.0,2.0,7.7,187418.0
50.0,Other,Bachelor's,Hyderabad,Data Science,HR Executive,13.4,125997.0,6.0,6.1,191413.0
45.0,Male,Bachelor's,Pune,Marketing,Backend Developer,10.5,113579.0,4.0,8.8,175876.0
40.0,Female,Master's,Hyderabad,HR,HR Executive,10.7,,2.0,9.4,172065.0
33.0,Female,Bachelor's,Mumbai,,Marketing Executive,6.1,86313.0,2.0,7.5,92907.0
29.0,Female,Master's,Bangalore,Data Science,HR Executive,4.5,80456.0,3.0,7.8,117135.0
23.0,Female,Bachelor's,Mumbai,Marketing,Marketing Executive,0.0,41225.0,5.0,7.7,67984.0
27.0,Male,Master's,Bangalore,HR,Financial Analyst,4.5,78847.0,5.0,8.1,125389.0
26.0,Male,Bachelor's,Bangalore,Sales,ML Engineer,2.8,61559.0,2.0,9.8,114888.0
28.0,Male,Bachelor's,Hyderabad,Marketing,Marketing Executive,1.1,,7.0,8.4,75308.0
47.0,Female,Bachelor's,Mumbai,Finance,Data Analyst,12.4,,4.0,9.5,190252.0
29.0,Male,Bachelor's,Mumbai,Data Science,ML Engineer,0.5,65845.0,6.0,7.3,109656.0
50.0,Female,Bachelor's,Pune,Marketing,Sales Executive,16.6,136977.0,1.0,8.0,204404.0
25.0,Male,Bachelor's,Mumbai,Data Science,Financial Analyst,0.1,53196.0,5.0,9.6,83851.0
21.0,,Master's,Pune,HR,HR Executive,2.4,69990.0,6.0,7.5,121492.0
39.0,Male,Master's,Delhi,Engineering,Marketing Executive,6.9,90272.0,5.0,9.7,157610.0
30.0,Female,,Delhi,Marketing,Backend Developer,4.9,,4.0,7.7,125094.0
32.0,Male,Bachelor's,Delhi,Sales,Data Analyst,3.6,64950.0,5.0,8.1,105457.0
44.0,Male,Bachelor's,Chennai,Marketing,Software Engineer,,135831.0,2.0,10.5,194180.0
35.0,Male,Master's,Mumbai,Data Science,Sales Executive,5.9,,3.0,8.0,140726.0
47.0,Male,Bachelor's,Chennai,HR,Software Engineer,12.4,120163.0,4.0,,173556.0
42.0,Male,PhD,Mumbai,Finance,ML Engineer,9.5,136608.0,3.0,9.2,215268.0
44.0,Female,Bachelor's,Pune,Sales,HR Executive,8.3,102020.0,3.0,8.8,132946.0
29.0,Female,Bachelor's,Chennai,HR,Backend Developer,4.4,77985.0,4.0,8.8,113231.0
40.0,Male,Master's,Chennai,Marketing,Software Engineer,7.8,108036.0,3.0,8.4,137728.0
37.0,Female,Master's,Chennai,Finance,ML Engineer,8.8,113742.0,3.0,6.9,168631.0
50.0,Other,Bachelor's,Bangalore,HR,Financial Analyst,12.7,121226.0,3.0,8.9,188948.0
37.0,Female,Bachelor's,Pune,Engineering,ML Engineer,7.1,94436.0,,7.6,155003.0
46.0,Female,PhD,Delhi,Sales,Sales Executive,13.8,151534.0,1.0,9.4,219892.0
40.0,Female,High School,Pune,Data Science,Backend Developer,12.1,118926.0,9.0,10.1,184301.0
32.0,Female,Master's,Bangalore,HR,Backend Developer,,104456.0,5.0,6.3,158183.0
50.0,Female,Bachelor's,Mumbai,HR,ML Engineer,12.6,131763.0,1.0,10.1,205642.0
,Male,Master's,Pune,Engineering,Sales Executive,2.1,56787.0,2.0,8.0,89710.0
22.0,Female,Master's,Chennai,Marketing,ML Engineer,0.0,63749.0,2.0,8.3,90668.0
23.0,Female,Bachelor's,Delhi,Sales,Backend Developer,,50575.0,5.0,7.4,81098.0
37.0,Male,Master's,Delhi,Sales,Backend Developer,6.8,96306.0,6.0,8.7,164915.0
25.0,Male,High School,Mumbai,Data Science,Data Analyst,4.7,80020.0,5.0,8.6,117660.0
37.0,Female,Bachelor's,Pune,HR,ML Engineer,6.9,88840.0,3.0,9.8,143460.0
44.0,Female,,Bangalore,Finance,Marketing Executive,8.5,94484.0,3.0,7.6,118838.0
,Male,Bachelor's,Mumbai,HR,ML Engineer,7.3,77814.0,4.0,10.5,147645.0
47.0,Female,Master's,Pune,Data Science,Backend Developer,12.0,126968.0,2.0,9.3,198537.0
37.0,Male,High School,Hyderabad,HR,Data Analyst,7.3,,,8.6,112822.0
22.0,Male,High School,Delhi,Engineering,Data Analyst,1.6,33522.0,6.0,8.3,97982.0
22.0,Female,Bachelor's,Bangalore,HR,Financial Analyst,0.6,44035.0,2.0,8.1,92642.0
48.0,Male,Bachelor's,Chennai,HR,Sales Executive,13.3,130113.0,3.0,8.2,177321.0
42.0,Male,Bachelor's,Bangalore,Finance,HR Executive,8.3,80591.0,5.0,8.7,155289.0
43.0,Female,Master's,Chennai,Engineering,Software Engineer,12.6,131314.0,4.0,8.2,205748.0
25.0,Male,Master's,Bangalore,Engineering,Software Engineer,2.2,80927.0,5.0,7.7,120491.0
21.0,Male,Master's,Delhi,HR,ML Engineer,0.6,78344.0,1.0,8.7,88121.0
,Female,Bachelor's,Chennai,Sales,Financial Analyst,,46072.0,6.0,7.5,87773.0
39.0,Female,Bachelor's,Pune,Finance,ML Engineer,8.8,99288.0,2.0,8.9,172492.0
50.0,Female,Bachelor's,Chennai,HR,Software Engineer,14.0,130219.0,5.0,8.2,190774.0
22.0,Female,Bachelor's,Mumbai,HR,Sales Executive,0.0,43809.0,6.0,9.3,64227.0
41.0,Male,Bachelor's,Pune,Data Science,Backend Developer,,91298.0,1.0,9.7,130442.0
32.0,Female,High School,Mumbai,Data Science,Sales Executive,5.4,87113.0,4.0,9.7,103698.0
46.0,Female,Bachelor's,Bangalore,Sales,Sales Executive,10.5,120166.0,5.0,8.9,168819.0
26.0,Female,PhD,Pune,Finance,Data Analyst,2.6,77273.0,6.0,9.0,143980.0
43.0,Female,Bachelor's,Bangalore,Marketing,Backend Developer,8.0,101118.0,4.0,8.1,136723.0
24.0,Female,Bachelor's,Hyderabad,Data Science,HR Executive,0.0,65218.0,2.0,9.3,81153.0
43.0,Male,High School,Bangalore,Marketing,Backend Developer,10.2,117613.0,8.0,9.4,176153.0
31.0,Male,Bachelor's,Bangalore,Engineering,Financial Analyst,4.0,68400.0,6.0,6.6,123598.0
44.0,Female,,Mumbai,Data Science,Data Analyst,7.2,98303.0,3.0,,158687.0
47.0,Female,Bachelor's,Chennai,Data Science,HR Executive,13.7,122630.0,5.0,10.1,197083.0
37.0,Female,Bachelor's,Hyderabad,Finance,Financial Analyst,5.2,58814.0,4.0,8.1,119999.0
26.0,Male,,Bangalore,Sales,Financial Analyst,6.1,84401.0,1.0,7.8,118946.0
44.0,Female,Bachelor's,Bangalore,Marketing,Software Engineer,9.4,126260.0,3.0,8.0,169290.0
25.0,Female,High School,Hyderabad,Data Science,Data Analyst,2.4,41756.0,4.0,6.7,77757.0
40.0,Female,Master's,Hyderabad,Data Science,Financial Analyst,11.0,122792.0,2.0,8.7,159179.0
22.0,Female,Master's,Pune,Finance,Marketing Executive,2.7,58545.0,4.0,,89658.0
26.0,Female,Master's,Mumbai,Finance,Sales Executive,5.2,87222.0,4.0,8.7,127418.0
42.0,Female,Bachelor's,Hyderabad,Sales,Financial Analyst,7.2,89671.0,5.0,9.0,132632.0
31.0,Female,Master's,Hyderabad,Marketing,HR Executive,2.8,55020.0,3.0,7.5,92555.0
36.0,Female,Bachelor's,Delhi,Engineering,Software Engineer,7.1,86201.0,2.0,8.8,157783.0
36.0,Female,Bachelor's,Chennai,Sales,ML Engineer,8.0,95858.0,4.0,9.0,167389.0
21.0,Female,Master's,Hyderabad,Engineering,Sales Executive,-0.0,58005.0,4.0,7.9,76299.0
29.0,Female,High School,Mumbai,HR,Software Engineer,1.1,61396.0,2.0,9.0,88870.0
48.0,Female,Bachelor's,Chennai,Data Science,ML Engineer,12.9,131859.0,6.0,8.6,200527.0
47.0,Female,Master's,Chennai,Marketing,Data Analyst,11.4,134722.0,5.0,7.7,186967.0
26.0,,Bachelor's,Bangalore,,Data Analyst,1.9,59165.0,4.0,8.8,105006.0
36.0,Male,Bachelor's,,Data Science,Financial Analyst,3.3,66587.0,4.0,8.2,106234.0
49.0,Female,Bachelor's,Bangalore,Marketing,Marketing Executive,13.8,135207.0,6.0,9.3,193787.0
23.0,Female,Master's,Bangalore,Marketing,Data Analyst,1.1,64229.0,4.0,8.2,116949.0
40.0,Female,PhD,Delhi,Marketing,Backend Developer,11.2,133656.0,4.0,7.0,214541.0
48.0,Female,Master's,Hyderabad,Data Science,Financial Analyst,12.0,129025.0,3.0,8.8,165394.0
47.0,Female,Bachelor's,Bangalore,Sales,Sales Executive,12.5,131699.0,1.0,8.8,167509.0
24.0,Female,Bachelor's,Pune,Finance,Software Engineer,2.6,63836.0,5.0,7.2,94347.0
39.0,Female,Bachelor's,Bangalore,Data Science,Data Analyst,5.5,84292.0,5.0,9.4,128559.0
46.0,Female,High School,Hyderabad,Marketing,Backend Developer,15.2,145553.0,7.0,9.3,221664.0
23.0,Male,High School,Bangalore,Sales,Software Engineer,0.3,,4.0,7.5,80842.0
39.0,Male,Bachelor's,Delhi,,Software Engineer,8.8,104599.0,3.0,7.7,140864.0
40.0,Male,Bachelor's,Mumbai,Engineering,Marketing Executive,9.5,101507.0,1.0,8.3,142958.0
27.0,Male,PhD,Mumbai,Marketing,Data Analyst,1.5,74464.0,5.0,7.6,129947.0
40.0,Female,Bachelor's,Hyderabad,HR,,11.3,108098.0,8.0,9.3,188194.0
29.0,Male,Bachelor's,Mumbai,Finance,Marketing Executive,4.0,67867.0,3.0,8.7,99313.0
21.0,Male,High School,Mumbai,Marketing,Marketing Executive,0.0,22000.0,0.0,7.2,54872.0
28.0,Male,Master's,Pune,HR,Data Analyst,3.4,58494.0,,7.5,121682.0
27.0,Male,Master's,Hyderabad,Marketing,Marketing Executive,3.8,58241.0,,,116334.0
38.0,Female,Master's,Hyderabad,Data Science,Data Analyst,7.7,109729.0,,10.3,175599.0
28.0,Female,Master's,Mumbai,Sales,Backend Developer,4.5,,3.0,9.1,131954.0
21.0,Female,Bachelor's,Mumbai,HR,Data Analyst,0.0,36604.0,5.0,8.2,82776.0
31.0,Male,Bachelor's,Mumbai,Sales,,3.4,79029.0,3.0,8.0,120114.0
48.0,Male,Bachelor's,Chennai,Data Science,Software Engineer,8.9,112659.0,3.0,9.2,157497.0
45.0,Male,Bachelor's,Delhi,Data Science,Backend Developer,,142568.0,5.0,8.6,210285.0
45.0,Female,,Bangalore,Sales,HR Executive,13.8,132790.0,2.0,6.6,175590.0
38.0,Male,Bachelor's,Delhi,HR,Data Analyst,8.6,102960.0,4.0,9.7,159633.0
43.0,Female,PhD,Hyderabad,Sales,Software Engineer,8.4,125712.0,3.0,10.1,168401.0
50.0,Male,PhD,Pune,Sales,Sales Executive,16.6,159796.0,8.0,9.4,234262.0
30.0,Female,Master's,Bangalore,Engineering,Marketing Executive,3.1,72039.0,3.0,7.2,131766.0
23.0,Male,Master's,Pune,HR,Financial Analyst,0.6,51192.0,7.0,7.7,90959.0
27.0,Male,Master's,,Engineering,Data Analyst,2.9,56743.0,2.0,6.3,110885.0
48.0,Female,Bachelor's,Hyderabad,Marketing,Marketing Executive,12.8,132083.0,8.0,10.4,209103.0
36.0,Male,High School,Chennai,Sales,Marketing Executive,7.7,102058.0,8.0,8.1,110485.0
46.0,Male,Master's,Hyderabad,Marketing,Marketing Executive,12.3,121110.0,4.0,11.3,202752.0
36.0,Female,Master's,Pune,HR,Marketing Executive,6.5,,5.0,10.8,147279.0
45.0,Female,High School,Pune,Sales,Marketing Executive,11.8,104514.0,3.0,7.4,169124.0
40.0,Female,PhD,Pune,Marketing,Data Analyst,8.3,114712.0,6.0,7.7,166195.0
48.0,Male,,Hyderabad,Finance,Sales Executive,13.0,131714.0,4.0,9.1,183993.0
37.0,Male,,Mumbai,Data Science,HR Executive,7.9,90286.0,2.0,6.4,123876.0
22.0,,Master's,Pune,,ML Engineer,1.6,66383.0,5.0,8.0,125648.0
21.0,Male,Bachelor's,Chennai,Data Science,Marketing Executive,1.0,33138.0,5.0,7.9,78460.0
36.0,Female,High School,,Engineering,Marketing Executive,6.1,73886.0,5.0,10.7,132918.0
50.0,Female,Bachelor's,Hyderabad,Marketing,,,,3.0,8.7,205699.0
32.0,Male,Master's,Chennai,Engineering,Sales Executive,5.9,,4.0,8.2,110116.0
25.0,Female,Bachelor's,,Sales,Backend Developer,0.0,55453.0,2.0,7.7,48255.0
25.0,Male,Master's,Delhi,Data Science,Sales Executive,,,4.0,9.6,96879.0
47.0,Female,Bachelor's,Bangalore,Data Science,Backend Developer,12.6,135987.0,6.0,7.9,200283.0
43.0,Male,High School,Mumbai,Marketing,Data Analyst,12.5,119844.0,4.0,8.4,180952.0
29.0,Male,PhD,Pune,Sales,Software Engineer,4.8,,3.0,7.7,144238.0
29.0,Female,High School,Hyderabad,Finance,Financial Analyst,6.3,80736.0,3.0,6.7,133891.0
23.0,Female,PhD,Chennai,Finance,Financial Analyst,0.3,46315.0,4.0,7.3,107595.0
39.0,Female,Bachelor's,Pune,Marketing,Software Engineer,8.5,108670.0,9.0,7.9,159101.0
36.0,Male,PhD,Chennai,Sales,Data Analyst,8.0,109584.0,5.0,8.2,179234.0
36.0,Male,,Hyderabad,Marketing,Financial Analyst,3.3,50037.0,3.0,8.2,86623.0
23.0,Male,Bachelor's,Delhi,Sales,Sales Executive,3.2,,7.0,,104349.0
40.0,Male,Bachelor's,,Engineering,ML Engineer,5.8,71983.0,7.0,7.9,131445.0
44.0,Female,High School,Bangalore,Marketing,Software Engineer,11.8,112101.0,6.0,10.1,187994.0
42.0,Male,Master's,Mumbai,Sales,Sales Executive,10.5,118644.0,,9.6,167851.0
44.0,Male,Bachelor's,Bangalore,Finance,HR Executive,6.8,90614.0,3.0,8.3,119613.0
21.0,Female,Bachelor's,Mumbai,Sales,Data Analyst,,49152.0,7.0,,108697.0
44.0,Male,High School,Chennai,Sales,Software Engineer,12.5,122676.0,5.0,8.1,169093.0
40.0,Female,Bachelor's,Pune,Marketing,Financial Analyst,10.4,104807.0,6.0,6.0,161870.0
31.0,Female,Master's,Pune,Engineering,Data Analyst,,70164.0,4.0,8.5,105072.0
37.0,,Bachelor's,Mumbai,Engineering,ML Engineer,5.9,87852.0,5.0,8.9,151240.0
28.0,Female,Master's,Delhi,Engineering,Data Analyst,3.9,64144.0,1.0,6.6,99386.0
,Female,Master's,Hyderabad,Engineering,Data Analyst,1.3,53571.0,0.0,9.1,99434.0
26.0,Male,Master's,Bangalore,HR,ML Engineer,3.8,92916.0,9.0,8.2,174522.0
28.0,Male,Bachelor's,Chennai,Marketing,Marketing Executive,3.9,79106.0,6.0,8.9,99375.0
40.0,Male,Master's,Bangalore,Data Science,ML Engineer,10.9,137160.0,6.0,8.2,219180.0
50.0,Female,PhD,,Marketing,Sales Executive,14.5,167250.0,4.0,10.0,227031.0
23.0,Female,Master's,Chennai,HR,Data Analyst,2.0,,3.0,8.8,117998.0
36.0,Female,Bachelor's,Chennai,Engineering,Backend Developer,6.2,102039.0,,9.7,165645.0
50.0,Other,Master's,Pune,HR,ML Engineer,12.4,153136.0,2.0,9.8,200303.0
45.0,Female,Master's,Bangalore,Finance,Marketing Executive,10.7,107332.0,2.0,7.2,157307.0
23.0,Female,Master's,Hyderabad,Finance,Sales Executive,3.7,,9.0,7.6,131711.0
45.0,Male,High School,Hyderabad,Marketing,Backend Developer,10.2,109791.0,5.0,9.0,167244.0
49.0,Female,,Mumbai,Marketing,Backend Developer,13.0,131407.0,4.0,8.1,203698.0
38.0,Male,Master's,Chennai,Data Science,Software Engineer,4.3,85385.0,3.0,,124012.0
34.0,Female,Bachelor's,Pune,Data Science,ML Engineer,6.9,94679.0,8.0,10.0,150405.0
38.0,,Master's,,Finance,ML Engineer,11.0,123216.0,2.0,8.1,202283.0
22.0,Male,Bachelor's,Delhi,Engineering,Data Analyst,0.0,,5.0,7.3,81438.0
42.0,Male,Bachelor's,Pune,HR,Sales Executive,14.2,141087.0,4.0,7.5,169364.0
23.0,Male,High School,Pune,Data Science,Software Engineer,1.2,49660.0,3.0,11.1,89149.0
36.0,Female,Bachelor's,Hyderabad,Sales,HR Executive,2.9,64966.0,,8.3,100552.0
49.0,Male,PhD,Delhi,Data Science,HR Executive,12.0,133884.0,2.0,6.9,190767.0
29.0,Female,Master's,Mumbai,Engineering,Financial Analyst,5.6,92867.0,2.0,6.4,146918.0
24.0,Male,Master's,Hyderabad,Engineering,ML Engineer,4.3,250000.0,3.0,7.8,129508.0
21.0,Female,Bachelor's,Delhi,Marketing,ML Engineer,1.1,,8.0,8.3,109200.0
24.0,Male,Master's,Pune,,Software Engineer,3.7,75729.0,2.0,9.6,128016.0
21.0,Male,Master's,Delhi,Engineering,Marketing Executive,0.0,38439.0,5.0,9.5,87968.0
34.0,Female,Bachelor's,,Data Science,HR Executive,4.8,64158.0,3.0,8.5,90356.0
41.0,Male,High School,Hyderabad,Data Science,Financial Analyst,6.5,83505.0,4.0,8.0,122088.0
36.0,Male,Master's,Chennai,Finance,Software Engineer,5.8,92239.0,4.0,8.9,139776.0
,Male,Master's,Hyderabad,Engineering,ML Engineer,9.7,127101.0,5.0,6.4,192640.0
44.0,Male,PhD,Bangalore,Sales,HR Executive,10.7,125846.0,1.0,10.9,195182.0
28.0,Female,High School,Bangalore,Marketing,,4.5,68361.0,2.0,9.3,100535.0
27.0,Male,Master's,Bangalore,HR,Financial Analyst,1.3,57425.0,2.0,9.5,92267.0
,Female,Bachelor's,Hyderabad,Sales,Data Analyst,0.0,50349.0,1.0,7.2,64760.0
37.0,,Bachelor's,Mumbai,,HR Executive,7.5,101376.0,3.0,10.0,146551.0
21.0,Male,Bachelor's,Hyderabad,Data Science,Financial Analyst,0.0,48117.0,6.0,7.9,72055.0
36.0,Female,Bachelor's,Chennai,Sales,Software Engineer,8.7,111940.0,2.0,7.4,148544.0
32.0,Female,Bachelor's,Delhi,Marketing,Data Analyst,4.0,71460.0,5.0,8.5,250000.0
47.0,Female,Bachelor's,Hyderabad,Data Science,Financial Analyst,11.0,122195.0,6.0,8.4,162382.0
39.0,Female,Master's,Hyderabad,Data Science,Financial Analyst,8.7,108003.0,5.0,7.2,161161.0
42.0,Female,Master's,Pune,Data Science,Backend Developer,8.9,103051.0,7.0,7.4,176808.0
43.0,Female,Bachelor's,Pune,Data Science,Backend Developer,8.0,100774.0,6.0,7.3,172679.0
42.0,Male,PhD,Pune,,Backend Developer,7.8,106038.0,1.0,7.3,163985.0
34.0,Male,Bachelor's,Hyderabad,Finance,,,,4.0,8.0,146448.0
50.0,Male,Bachelor's,,Sales,Marketing Executive,,112377.0,4.0,6.8,151839.0
26.0,Male,Master's,Delhi,Marketing,HR Executive,4.3,81310.0,2.0,,118132.0
26.0,Male,Bachelor's,Delhi,Finance,ML Engineer,1.2,59201.0,5.0,9.8,110921.0
33.0,Male,Bachelor's,Chennai,Finance,Sales Executive,6.3,71231.0,7.0,9.5,144634.0
39.0,Male,Bachelor's,Mumbai,Engineering,Data Analyst,7.2,78312.0,5.0,7.2,153376.0
42.0,Female,High School,Mumbai,,Marketing Executive,8.1,96692.0,3.0,9.6,135744.0
28.0,Female,Master's,Delhi,Engineering,Financial Analyst,3.5,86495.0,3.0,6.1,107129.0
47.0,Female,Bachelor's,Bangalore,HR,ML Engineer,13.3,135072.0,5.0,11.4,220717.0
47.0,Male,Bachelor's,Pune,Engineering,Backend Developer,11.3,106996.0,4.0,10.1,179720.0
22.0,Female,High School,,Marketing,Marketing Executive,0.4,34549.0,4.0,7.8,68574.0
41.0,Female,Master's,Delhi,Finance,Sales Executive,10.2,106553.0,5.0,9.0,179262.0
50.0,Male,Bachelor's,Mumbai,Marketing,HR Executive,14.3,,0.0,6.8,178426.0
,Male,Master's,Chennai,Sales,Sales Executive,,51633.0,2.0,8.6,59460.0
48.0,Female,,Bangalore,Engineering,Data Analyst,11.5,122546.0,,8.3,192124.0
35.0,Female,Bachelor's,Delhi,HR,Software Engineer,6.4,82864.0,3.0,7.5,139819.0
21.0,Male,Bachelor's,Pune,Sales,ML Engineer,0.0,54208.0,7.0,7.9,91125.0
25.0,Male,Bachelor's,Hyderabad,HR,,2.3,68585.0,5.0,,111119.0
48.0,Male,Bachelor's,Mumbai,Sales,,10.4,111604.0,6.0,7.1,172529.0
49.0,Female,Bachelor's,Hyderabad,Finance,Software Engineer,13.0,,5.0,7.5,207286.0
36.0,Female,Master's,Chennai,Marketing,Backend Developer,5.7,95614.0,4.0,6.8,121992.0
39.0,Male,High School,Delhi,Data Science,Backend Developer,9.5,108459.0,1.0,9.5,146978.0
24.0,Male,Master's,Pune,Marketing,Backend Developer,0.3,55675.0,3.0,7.4,107961.0
23.0,Female,Bachelor's,Bangalore,Engineering,ML Engineer,0.0,,4.0,7.0,100832.0
37.0,Female,Bachelor's,Hyderabad,Data Science,Data Analyst,7.9,100711.0,5.0,9.5,166076.0
37.0,Male,Bachelor's,Bangalore,HR,Backend Developer,7.2,94995.0,5.0,8.9,144102.0
32.0,Female,Master's,Chennai,Finance,Sales Executive,8.4,97793.0,6.0,9.5,167822.0
48.0,Male,Bachelor's,Pune,Finance,Data Analyst,9.7,101785.0,7.0,9.6,175952.0
50.0,Male,High School,Hyderabad,HR,Marketing Executive,13.2,126907.0,5.0,10.8,161923.0
49.0,Female,Bachelor's,Chennai,Engineering,Sales Executive,14.3,128118.0,3.0,8.3,182635.0
34.0,Male,High School,Bangalore,HR,ML Engineer,5.0,78101.0,3.0,6.8,123775.0
41.0,Female,Bachelor's,Bangalore,Sales,Backend Developer,7.6,109664.0,4.0,8.8,140844.0
26.0,Female,Bachelor's,Hyderabad,Engineering,,0.9,52083.0,6.0,7.7,85364.0
23.0,Female,High School,Pune,Data Science,,0.0,46838.0,5.0,7.4,72152.0
48.0,Male,High School,Bangalore,HR,ML Engineer,14.2,147684.0,7.0,8.6,212371.0
29.0,Male,,Delhi,Engineering,Data Analyst,3.1,62537.0,3.0,9.5,117971.0
25.0,Male,Bachelor's,Chennai,Data Science,Marketing Executive,1.1,47383.0,6.0,7.5,83944.0
44.0,Female,Bachelor's,,HR,Backend Developer,7.2,103020.0,1.0,,141179.0
49.0,Female,Bachelor's,Mumbai,Finance,Software Engineer,,107223.0,4.0,7.3,166088.0
37.0,Female,Master's,Mumbai,HR,Backend Developer,,121358.0,6.0,8.2,191848.0
34.0,Female,Bachelor's,Pune,Marketing,Software Engineer,6.3,86536.0,5.0,9.0,120980.0
41.0,Female,Bachelor's,Delhi,HR,Financial Analyst,10.7,,3.0,8.0,164536.0
23.0,Female,,Bangalore,Marketing,ML Engineer,2.5,71707.0,2.0,6.4,124225.0
48.0,Male,Bachelor's,Mumbai,Data Science,Marketing Executive,10.6,,5.0,9.6,164006.0
21.0,Male,Bachelor's,Pune,HR,Data Analyst,3.6,57259.0,6.0,7.8,100967.0
40.0,Female,Master's,Chennai,Data Science,Data Analyst,11.5,125623.0,2.0,9.4,189525.0
49.0,Male,Master's,Delhi,Data Science,Software Engineer,11.8,115753.0,7.0,7.0,202634.0
,Male,Master's,Delhi,Engineering,Marketing Executive,3.6,66656.0,10.0,7.2,133614.0
43.0,Female,Bachelor's,Pune,Data Science,Sales Executive,9.4,120659.0,8.0,9.5,156985.0
21.0,Female,Bachelor's,Pune,Data Science,Financial Analyst,0.4,50552.0,5.0,8.9,55637.0
23.0,Male,Bachelor's,Bangalore,HR,Software Engineer,0.0,43849.0,0.0,8.0,90799.0
38.0,Female,Bachelor's,Pune,HR,Software Engineer,7.3,,2.0,8.9,158370.0
45.0,Female,Bachelor's,Bangalore,Finance,Financial Analyst,9.6,102214.0,2.0,7.4,170360.0
30.0,Male,Master's,Bangalore,Engineering,ML Engineer,5.4,91770.0,6.0,8.6,125591.0
42.0,Male,Bachelor's,Hyderabad,Data Science,Data Analyst,9.5,97259.0,4.0,8.7,162521.0
46.0,Male,Bachelor's,Delhi,Engineering,ML Engineer,12.7,136099.0,3.0,8.1,191963.0
23.0,Female,Bachelor's,Chennai,Marketing,Marketing Executive,2.7,69549.0,3.0,7.5,76708.0
28.0,Female,Bachelor's,Delhi,Data Science,Sales Executive,0.0,33158.0,7.0,,77807.0
34.0,Female,High School,Delhi,Engineering,Backend Developer,4.7,57366.0,1.0,8.4,106681.0
44.0,Female,Master's,Hyderabad,Finance,HR Executive,9.4,117528.0,5.0,7.9,167307.0
38.0,Male,Bachelor's,Bangalore,,HR Executive,11.5,131780.0,1.0,7.3,164556.0
,Male,Master's,Bangalore,Data Science,HR Executive,6.5,77489.0,4.0,8.5,131942.0
42.0,Female,Master's,Pune,Marketing,Financial Analyst,10.7,,2.0,7.9,164004.0
43.0,Male,,Hyderabad,Finance,Software Engineer,7.1,101962.0,7.0,7.3,153210.0
22.0,Male,Bachelor's,Pune,Finance,Sales Executive,0.7,37400.0,4.0,8.6,53865.0
47.0,Male,High School,Hyderabad,Marketing,ML Engineer,13.2,120145.0,6.0,10.4,187804.0
30.0,Male,Bachelor's,Pune,Engineering,Backend Developer,5.3,89184.0,6.0,,129119.0
22.0,Male,Master's,Mumbai,Finance,Data Analyst,1.4,63833.0,5.0,10.3,124778.0
46.0,Male,Bachelor's,Delhi,HR,HR Executive,11.3,117085.0,5.0,11.0,167594.0
37.0,Male,Master's,Delhi,Sales,ML Engineer,7.3,,5.0,7.4,158896.0
28.0,Male,Bachelor's,Chennai,Sales,HR Executive,0.6,,7.0,8.5,68687.0
21.0,,Bachelor's,Bangalore,Finance,Sales Executive,0.0,,,11.0,79705.0
,Female,Bachelor's,Chennai,Engineering,HR Executive,3.9,64126.0,8.0,8.4,122663.0
31.0,Male,Bachelor's,Mumbai,Engineering,Data Analyst,3.4,80311.0,2.0,8.5,124827.0
42.0,Female,Bachelor's,Chennai,Data Science,Backend Developer,10.5,108928.0,7.0,6.5,179904.0
36.0,Male,Master's,Delhi,HR,Marketing Executive,7.5,85221.0,0.0,7.9,136970.0
27.0,Female,Master's,Bangalore,Engineering,Marketing Executive,4.8,86335.0,2.0,9.2,120525.0
49.0,Female,Master's,,,Sales Executive,14.0,145211.0,0.0,11.4,194354.0
